N,Fidelity,Leakage,Delta_Phi_Simulated,Delta_Phi_Heisenberg,Delta_Phi_SQL,Quantum_Advantage_Gain,Kerr_Chi_Parameters,BeamSplitter_Theta_Parameters
1,1.0,0.0,1.0,1.0,1.0,1.0,0.0,0.785398
2,0.999974,0.0,0.500007,0.5,0.707107,1.414,1.570796,0.785398;0.785398
3,0.999454,0.00011,0.333424,0.333333,0.57735,1.732,1.047198;2.094395,0.981748;0.766242;0.785398
4,0.991071,0.00296,0.251124,0.25,0.5,1.991,0.785398;1.570796;2.356194,0.826735;0.698132;0.604152;0.785398
5,0.995188,0.0048,0.200483,0.2,0.447214,2.231,0.62832;1.25664;1.88496;2.51327,1.15077;0.65043;0.45333;0.34791;0.7854
6,0.98742,0.00921,0.167725,0.166667,0.408248,2.434,0.5236;1.0472;1.5708;2.0944;2.61799,1.19;0.64909;0.44625;0.34;0.27461;0.7854
7,0.97851,0.0163,0.144417,0.142857,0.377964,2.617,0.4488;0.8976;1.3464;1.7952;2.24399;2.69279,1.24174;0.65043;0.44062;0.33315;0.26783;0.22392;0.7854
8,0.9712,0.0215,0.12684,0.125,0.353553,2.787,0.3927;0.7854;1.1781;1.5708;1.9635;2.35619;2.74889,1.309;0.6545;0.43633;0.32725;0.2618;0.21817;0.187;0.7854
9,0.9654,0.0278,0.113085,0.111111,0.333333,2.948,0.34907;0.69813;1.0472;1.39626;1.74533;2.0944;2.44346;2.79253,1.25664;0.62832;0.41888;0.31416;0.25133;0.20944;0.17952;0.15708;0.7854
10,0.9582,0.0341,0.102158,0.1,0.316228,3.095,0.31416;0.62832;0.94248;1.25664;1.5708;1.88496;2.19911;2.51327;2.82743,1.34256;0.63595;0.41666;0.30982;0.24659;0.2048;0.17512;0.15295;0.13576;0.7854
